{
  "aguacate" : {
    "nombre" : "aguacate",
    "precio" : 1000,
    "stock" : 20
  },
  "ajo" : {
    "nombre" : "ajo",
    "precio" : 2000,
    "stock" : 30
  },
  "almendras" : {
    "nombre" : "almendras",
    "precio" : 3000,
    "stock" : 40
  },
  "arandanos" : {
    "nombre" : "arandanos",
    "precio" : 3500,
    "stock" : 44
  },
  "brocoli" : {
    "nombre" : "brocoli",
    "precio" : 1400,
    "stock" : 27
  },
  "calabaza" : {
    "nombre" : "calabaza",
    "precio" : 3800,
    "stock" : 33
  },
  "canela" : {
    "nombre" : "canela",
    "precio" : 1700,
    "stock" : 12
  },
  "cebolla" : {
    "nombre" : "cebolla",
    "precio" : 2600,
    "stock" : 22
  },
  "fresa" : {
    "nombre" : "fresa",
    "precio" : 3900,
    "stock" : 18
  },
  "kiwi" : {
    "nombre" : "kiwi",
    "precio" : 2300,
    "stock" : 14
  },
  "limon" : {
    "nombre" : "limon",
    "precio" : 2200,
    "stock" : 23
  },
  "login-fondo" : 50,
  "lychee" : {
    "nombre" : "lychee",
    "precio" : 3300,
    "stock" : 31
  },
  "main-fondo" : 50,
  "maiz" : {
    "nombre" : "maiz",
    "precio" : 4200,
    "stock" : 43
  },
  "manzana" : {
    "nombre" : "manzana",
    "precio" : 2450,
    "stock" : 16
  },
  "naranja" : {
    "nombre" : "naranja",
    "precio" : 1700,
    "stock" : 11
  },
  "papa" : {
    "nombre" : "papa",
    "precio" : 1300,
    "stock" : 26
  },
  "pasta" : {
    "nombre" : "pasta",
    "precio" : 3100,
    "stock" : 44
  },
  "pictures" : 50,
  "pimienta" : {
    "nombre" : "pimienta",
    "precio" : 1250,
    "stock" : 22
  },
  "repollo" : {
    "nombre" : "repollo",
    "precio" : 3300,
    "stock" : 39
  },
  "tomate" : {
    "nombre" : "tomate",
    "precio" : 3600,
    "stock" : 47
  },
  "zanahoria" : {
    "nombre" : "zanahoria",
    "precio" : 4700,
    "stock" : 50
  }
}
